order_id,order_timestamp,order_date,user_id,r_id,restaurant_city,cuisine,items_count,sales_qty,subtotal,discount,delivery_fee,gst,sales_amount,currency,payment_method,order_status,customer_rating,delivery_time_min
1001,2026-09-01 12:15:00,2026-09-01,501,101,Chennai,South Indian,2,3,450,50,30,22,452,INR,UPI,Delivered,5,28
1002,2026-09-01 13:05:00,2026-09-01,502,102,Bangalore,Italian,1,2,600,0,40,32,672,INR,Credit Card,Delivered,4,35
1003,2026-09-02 18:20:00,2026-09-02,503,103,Hyderabad,Chinese,3,4,800,100,35,36,771,INR,Cash,Delivered,5,30
1004,2026-09-03 19:10:00,2026-09-03,504,101,Chennai,South Indian,2,2,350,20,25,18,373,INR,UPI,Delivered,4,25
1005,2026-09-04 20:45:00,2026-09-04,505,104,Mumbai,North Indian,4,5,1200,150,50,55,1155,INR,Debit Card,Cancelled,,0
1006,2026-09-05 11:30:00,2026-09-05,506,102,Delhi,Italian,2,3,700,50,40,35,725,INR,UPI,Delivered,3,42
1007,2026-09-06 14:00:00,2026-09-06,507,105,Kolkata,Bengali,1,1,250,0,20,12,282,INR,Cash,Delivered,5,22
1008,2026-09-06 21:15:00,2026-09-06,508,103,Hyderabad,Chinese,3,4,950,75,35,46,956,INR,Credit Card,Delivered,4,33
1009,2026-09-07 12:40:00,2026-09-07,509,106,Mumbai,Fast Food,2,2,400,0,25,20,445,INR,UPI,Out for Delivery,,18
1010,2026-09-08 17:25:00,2026-09-08,510,104,Chennai,North Indian,3,4,900,100,30,41,871,INR,Debit Card,Delivered,5,29