order_item_id,order_id,r_id,f_id,price,quantity,line_amount
1,1001,101,F101,120,2,240
2,1001,101,F102,210,1,210
3,1002,102,F103,300,2,600
4,1003,103,F104,200,2,400
5,1003,103,F105,200,1,200
6,1003,103,F106,200,1,200
7,1004,101,F101,120,1,120
8,1004,101,F107,230,1,230
9,1005,104,F108,300,2,600
10,1005,104,F109,300,2,600
11,1006,102,F103,350,2,700
12,1007,105,F110,250,1,250
13,1008,103,F104,250,2,500
14,1008,103,F105,225,2,450
15,1009,106,F111,200,2,400
16,1010,104,F108,300,2,600
17,1010,104,F112,150,2,300